,Step
0,479.0
1,390.0
2,407.0
3,425.0
4,384.0
5,368.0
6,335.0
7,283.0
8,322.0
9,183.0
10,254.0
11,192.0
12,209.0
13,187.0
14,253.0
15,224.0
16,204.0
17,229.0
18,183.0
19,200.0
20,208.0
21,234.0
22,267.0
23,213.0
24,260.0
25,222.0
26,201.0
27,230.0
28,243.0
29,204.0
30,174.0
31,176.0
32,216.0
33,216.0
34,188.0
35,140.0
36,184.0
37,185.0
38,214.0
39,219.0
40,148.0
41,174.0
42,165.0
43,206.0
44,209.0
45,209.0
46,234.0
47,222.0
48,198.0
49,268.0
50,241.0
51,265.0
52,163.0
53,200.0
54,161.0
55,217.0
56,205.0
57,162.0
58,209.0
59,242.0
60,235.0
61,175.0
62,185.0
63,152.0
64,202.0
65,239.0
66,194.0
67,220.0
68,166.0
69,167.0
70,234.0
71,247.0
72,213.0
73,213.0
74,191.0
75,218.0
76,195.0
77,161.0
78,203.0
79,231.0
80,200.0
81,194.0
82,205.0
83,168.0
84,180.0
85,237.0
86,172.0
87,194.0
88,215.0
89,181.0
90,156.0
91,221.0
92,194.0
93,146.0
94,181.0
95,143.0
96,237.0
97,160.0
98,199.0
99,193.0
100,132.0
101,171.0
102,207.0
103,172.0
104,227.0
105,201.0
106,176.0
107,166.0
108,169.0
109,175.0
110,218.0
111,209.0
112,161.0
113,213.0
114,190.0
115,228.0
116,189.0
117,222.0
118,173.0
119,163.0
120,151.0
121,161.0
122,183.0
123,186.0
124,140.0
125,205.0
126,172.0
127,181.0
128,169.0
129,237.0
130,128.0
131,136.0
132,162.0
133,153.0
134,174.0
135,137.0
136,253.0
137,201.0
138,196.0
139,225.0
140,149.0
141,207.0
142,232.0
143,167.0
144,164.0
145,149.0
146,245.0
147,197.0
148,169.0
149,181.0
150,135.0
151,192.0
152,132.0
153,204.0
154,177.0
155,215.0
156,150.0
157,135.0
158,100.0
159,163.0
160,150.0
161,187.0
162,183.0
163,155.0
164,195.0
165,144.0
166,192.0
167,147.0
168,201.0
169,192.0
170,214.0
171,200.0
172,161.0
173,177.0
174,156.0
175,202.0
176,214.0
177,214.0
178,155.0
179,105.0
180,158.0
181,189.0
182,158.0
183,173.0
184,158.0
185,154.0
186,170.0
187,202.0
188,191.0
189,223.0
190,173.0
191,133.0
192,150.0
193,218.0
194,176.0
195,139.0
196,208.0
197,181.0
198,227.0
199,162.0
200,177.0
201,196.0
202,207.0
203,190.0
204,221.0
205,199.0
206,204.0
207,213.0
208,168.0
209,241.0
210,162.0
211,191.0
212,155.0
213,229.0
214,192.0
215,193.0
216,140.0
217,148.0
218,234.0
219,160.0
220,167.0
221,203.0
222,170.0
223,188.0
224,183.0
225,196.0
226,224.0
227,165.0
228,214.0
229,203.0
230,112.0
231,186.0
232,211.0
233,218.0
234,267.0
235,218.0
236,168.0
237,204.0
238,188.0
239,193.0
240,124.0
241,173.0
242,149.0
243,143.0
244,160.0
245,172.0
246,209.0
247,209.0
248,166.0
249,122.0
250,222.0
251,156.0
252,226.0
253,196.0
254,188.0
255,178.0
256,212.0
257,187.0
258,145.0
259,120.0
260,187.0
261,164.0
262,151.0
263,111.0
264,207.0
265,157.0
266,163.0
267,181.0
268,144.0
269,141.0
270,149.0
271,172.0
272,189.0
273,182.0
274,165.0
275,147.0
276,128.0
277,200.0
278,112.0
279,212.0
280,145.0
281,189.0
282,176.0
283,191.0
284,139.0
285,191.0
286,282.0
287,178.0
288,139.0
289,234.0
290,201.0
291,201.0
292,199.0
293,169.0
294,169.0
295,217.0
296,153.0
297,166.0
298,196.0
299,234.0
300,173.0
301,212.0
302,143.0
303,165.0
304,105.0
305,179.0
306,227.0
307,178.0
308,164.0
309,97.0
310,200.0
311,182.0
312,184.0
313,188.0
314,142.0
315,215.0
316,184.0
317,188.0
318,140.0
319,203.0
320,165.0
321,216.0
322,164.0
323,152.0
324,212.0
325,186.0
326,165.0
327,197.0
328,156.0
329,141.0
330,142.0
331,248.0
332,196.0
333,170.0
334,131.0
335,190.0
336,120.0
337,140.0
338,194.0
339,171.0
340,175.0
341,212.0
342,149.0
343,166.0
344,173.0
345,154.0
346,180.0
347,163.0
348,159.0
349,142.0
350,135.0
351,231.0
352,185.0
353,192.0
354,107.0
355,176.0
356,120.0
357,91.0
358,147.0
359,196.0
360,130.0
361,179.0
362,130.0
363,204.0
364,189.0
365,152.0
366,144.0
367,144.0
368,178.0
369,223.0
370,154.0
371,184.0
372,200.0
373,200.0
374,208.0
375,197.0
376,156.0
377,202.0
378,168.0
379,121.0
380,140.0
381,141.0
382,193.0
383,173.0
384,169.0
385,188.0
386,142.0
387,153.0
388,182.0
389,174.0
390,157.0
391,162.0
392,188.0
393,131.0
394,242.0
395,163.0
396,166.0
397,235.0
398,212.0
399,152.0
400,140.0
401,116.0
402,216.0
403,160.0
404,182.0
405,195.0
406,229.0
407,125.0
408,164.0
409,199.0
410,160.0
411,137.0
412,183.0
413,162.0
414,119.0
415,128.0
416,118.0
417,185.0
418,128.0
419,154.0
420,204.0
421,157.0
422,172.0
423,142.0
424,185.0
425,131.0
426,128.0
427,126.0
428,228.0
429,131.0
430,132.0
431,218.0
432,143.0
433,154.0
434,212.0
435,149.0
436,156.0
437,138.0
438,137.0
439,172.0
440,162.0
441,142.0
442,154.0
443,145.0
444,200.0
445,148.0
446,226.0
447,155.0
448,207.0
449,119.0
450,138.0
451,204.0
452,136.0
453,173.0
454,159.0
455,144.0
456,144.0
457,134.0
458,129.0
459,114.0
460,167.0
461,164.0
462,161.0
463,155.0
464,177.0
465,169.0
466,202.0
467,159.0
468,162.0
469,128.0
470,222.0
471,172.0
472,165.0
473,190.0
474,119.0
475,150.0
476,142.0
477,170.0
478,238.0
479,176.0
480,184.0
481,102.0
482,156.0
483,174.0
484,171.0
485,151.0
486,143.0
487,173.0
488,173.0
489,171.0
490,154.0
491,240.0
492,174.0
493,190.0
494,168.0
495,129.0
496,138.0
497,178.0
498,181.0
499,190.0
500,170.0
501,194.0
502,161.0
503,168.0
504,193.0
505,177.0
506,175.0
507,161.0
508,171.0
509,133.0
510,143.0
511,166.0
512,139.0
513,146.0
514,185.0
515,244.0
516,108.0
517,145.0
518,109.0
519,175.0
520,155.0
521,143.0
522,168.0
523,136.0
524,164.0
525,137.0
526,150.0
527,111.0
528,131.0
529,215.0
530,193.0
531,114.0
532,143.0
533,154.0
534,211.0
535,222.0
536,128.0
537,193.0
538,170.0
539,152.0
540,201.0
541,115.0
542,122.0
543,133.0
544,229.0
545,188.0
546,202.0
547,198.0
548,126.0
549,156.0
550,198.0
551,144.0
552,145.0
553,178.0
554,160.0
555,191.0
556,244.0
557,194.0
558,142.0
559,224.0
560,183.0
561,162.0
562,136.0
563,144.0
564,102.0
565,177.0
566,148.0
567,88.0
568,123.0
569,190.0
570,73.0
571,149.0
572,182.0
573,128.0
574,191.0
575,176.0
576,181.0
577,155.0
578,175.0
579,187.0
580,134.0
581,155.0
582,166.0
583,192.0
584,214.0
585,163.0
586,142.0
587,175.0
588,128.0
589,179.0
590,151.0
591,186.0
592,114.0
593,174.0
594,208.0
595,229.0
596,121.0
597,165.0
598,177.0
599,177.0
600,185.0
601,142.0
602,166.0
603,104.0
604,130.0
605,142.0
606,140.0
607,196.0
608,205.0
609,183.0
610,138.0
611,117.0
612,136.0
613,174.0
614,126.0
615,210.0
616,177.0
617,174.0
618,169.0
619,160.0
620,180.0
621,153.0
622,133.0
623,198.0
624,149.0
625,152.0
626,143.0
627,244.0
628,182.0
629,142.0
630,220.0
631,139.0
632,117.0
633,92.0
634,162.0
635,149.0
636,223.0
637,162.0
638,198.0
639,160.0
640,212.0
641,211.0
642,90.0
643,156.0
644,162.0
645,177.0
646,176.0
647,169.0
648,176.0
649,175.0
650,151.0
651,162.0
652,184.0
653,120.0
654,174.0
655,167.0
656,157.0
657,165.0
658,131.0
659,175.0
660,197.0
661,198.0
662,146.0
663,163.0
664,159.0
665,214.0
666,221.0
667,243.0
668,174.0
669,161.0
670,154.0
671,178.0
672,108.0
673,155.0
674,184.0
675,112.0
676,266.0
677,170.0
678,151.0
679,130.0
680,107.0
681,193.0
682,128.0
683,171.0
684,111.0
685,177.0
686,134.0
687,141.0
688,142.0
689,131.0
690,157.0
691,126.0
692,138.0
693,163.0
694,166.0
695,276.0
696,85.0
697,172.0
698,152.0
699,197.0
700,186.0
701,154.0
702,188.0
703,210.0
704,181.0
705,175.0
706,147.0
707,132.0
708,158.0
709,254.0
710,162.0
711,145.0
712,241.0
713,154.0
714,133.0
715,149.0
716,164.0
717,154.0
718,166.0
719,150.0
720,175.0
721,179.0
722,198.0
723,154.0
724,184.0
725,185.0
726,169.0
727,158.0
728,200.0
729,134.0
730,169.0
731,173.0
732,192.0
733,197.0
734,158.0
735,182.0
736,154.0
737,154.0
738,153.0
739,123.0
740,152.0
741,137.0
742,132.0
743,166.0
744,153.0
745,157.0
746,173.0
747,107.0
748,211.0
749,217.0
750,198.0
751,175.0
752,151.0
753,168.0
754,210.0
755,198.0
756,187.0
757,105.0
758,149.0
759,116.0
760,141.0
761,182.0
762,177.0
763,149.0
764,174.0
765,146.0
766,143.0
767,165.0
768,146.0
769,146.0
770,286.0
771,114.0
772,153.0
773,150.0
774,141.0
775,140.0
776,199.0
777,164.0
778,148.0
779,119.0
780,200.0
781,114.0
782,145.0
783,200.0
784,83.0
785,131.0
786,226.0
787,170.0
788,179.0
789,135.0
790,152.0
791,102.0
792,139.0
793,191.0
794,211.0
795,130.0
796,103.0
797,149.0
798,147.0
799,151.0
800,152.0
801,175.0
802,140.0
803,176.0
804,165.0
805,114.0
806,164.0
807,150.0
808,173.0
809,167.0
810,141.0
811,201.0
812,139.0
813,181.0
814,173.0
815,222.0
816,181.0
817,120.0
818,130.0
819,206.0
820,165.0
821,158.0
822,155.0
823,182.0
824,174.0
825,163.0
826,155.0
827,190.0
828,171.0
829,104.0
830,204.0
831,176.0
832,142.0
833,206.0
834,106.0
835,152.0
836,242.0
837,145.0
838,183.0
839,174.0
840,149.0
841,175.0
842,124.0
843,123.0
844,164.0
845,142.0
846,180.0
847,120.0
848,184.0
849,151.0
850,155.0
851,147.0
852,195.0
853,185.0
854,177.0
855,187.0
856,92.0
857,142.0
858,80.0
859,202.0
860,166.0
861,164.0
862,168.0
863,157.0
864,173.0
865,133.0
866,183.0
867,175.0
868,115.0
869,197.0
870,166.0
871,172.0
872,162.0
873,128.0
874,157.0
875,206.0
876,131.0
877,170.0
878,192.0
879,177.0
880,154.0
881,121.0
882,140.0
883,152.0
884,199.0
885,189.0
886,211.0
887,173.0
888,142.0
889,135.0
890,160.0
891,159.0
892,196.0
893,167.0
894,146.0
895,169.0
896,158.0
897,206.0
898,191.0
899,124.0
900,108.0
901,184.0
902,49.0
903,176.0
904,172.0
905,190.0
906,172.0
907,210.0
908,139.0
909,213.0
910,178.0
911,165.0
912,134.0
913,128.0
914,158.0
915,195.0
916,135.0
917,178.0
918,206.0
919,133.0
920,164.0
921,142.0
922,99.0
923,162.0
924,192.0
925,166.0
926,178.0
927,256.0
928,132.0
929,158.0
930,123.0
931,232.0
932,207.0
933,146.0
934,195.0
935,190.0
936,150.0
937,166.0
938,171.0
939,136.0
940,150.0
941,194.0
942,219.0
943,132.0
944,162.0
945,156.0
946,193.0
947,245.0
948,127.0
949,122.0
950,200.0
951,169.0
952,173.0
953,156.0
954,155.0
955,203.0
956,143.0
957,134.0
958,110.0
959,206.0
960,147.0
961,127.0
962,198.0
963,161.0
964,115.0
965,115.0
966,140.0
967,142.0
968,126.0
969,145.0
970,173.0
971,177.0
972,144.0
973,142.0
974,189.0
975,152.0
976,197.0
977,181.0
978,198.0
979,163.0
980,144.0
981,168.0
982,165.0
983,145.0
984,92.0
985,155.0
986,154.0
987,126.0
988,146.0
989,167.0
990,193.0
991,153.0
992,107.0
993,163.0
994,186.0
995,184.0
996,165.0
997,160.0
998,150.0
999,143.0
1000,140.0
1001,189.0
1002,176.0
1003,161.0
1004,211.0
1005,203.0
1006,117.0
1007,148.0
1008,146.0
1009,195.0
1010,201.0
1011,122.0
1012,151.0
1013,197.0
1014,143.0
1015,178.0
1016,116.0
1017,135.0
1018,181.0
1019,92.0
1020,183.0
1021,116.0
1022,149.0
1023,160.0
1024,175.0
1025,135.0
1026,226.0
1027,146.0
1028,113.0
1029,163.0
1030,154.0
1031,205.0
1032,206.0
1033,204.0
1034,179.0
1035,182.0
1036,173.0
1037,163.0
1038,129.0
1039,176.0
1040,218.0
1041,96.0
1042,161.0
1043,185.0
1044,189.0
1045,130.0
1046,175.0
1047,144.0
1048,206.0
1049,103.0
1050,98.0
1051,135.0
1052,127.0
1053,138.0
1054,131.0
1055,168.0
1056,189.0
1057,108.0
1058,127.0
1059,168.0
1060,143.0
1061,153.0
1062,136.0
1063,181.0
1064,237.0
1065,150.0
1066,171.0
1067,242.0
1068,160.0
1069,130.0
1070,140.0
1071,190.0
1072,128.0
1073,140.0
1074,217.0
1075,160.0
1076,73.0
1077,152.0
1078,130.0
1079,140.0
1080,202.0
1081,130.0
1082,113.0
1083,189.0
1084,213.0
1085,119.0
1086,108.0
1087,154.0
1088,210.0
1089,159.0
1090,181.0
1091,163.0
1092,150.0
1093,112.0
1094,120.0
1095,213.0
1096,140.0
1097,151.0
1098,153.0
1099,153.0
1100,165.0
1101,110.0
1102,119.0
1103,97.0
1104,161.0
1105,153.0
1106,149.0
1107,105.0
1108,152.0
1109,203.0
1110,133.0
1111,170.0
1112,170.0
1113,195.0
1114,161.0
1115,143.0
1116,127.0
1117,202.0
1118,137.0
1119,126.0
1120,174.0
1121,166.0
1122,189.0
1123,106.0
1124,106.0
1125,156.0
1126,210.0
1127,149.0
1128,154.0
1129,196.0
1130,193.0
1131,139.0
1132,187.0
1133,145.0
1134,99.0
1135,214.0
1136,160.0
1137,150.0
1138,121.0
1139,95.0
1140,194.0
1141,117.0
1142,154.0
1143,185.0
1144,160.0
1145,198.0
1146,149.0
1147,138.0
1148,182.0
1149,175.0
1150,84.0
1151,155.0
1152,205.0
1153,174.0
1154,178.0
1155,200.0
1156,106.0
1157,186.0
1158,110.0
1159,153.0
1160,220.0
1161,181.0
1162,148.0
1163,141.0
1164,158.0
1165,129.0
1166,149.0
1167,243.0
1168,143.0
1169,176.0
1170,193.0
1171,154.0
1172,158.0
1173,235.0
1174,163.0
1175,176.0
1176,148.0
1177,183.0
1178,128.0
1179,141.0
1180,139.0
1181,142.0
1182,164.0
1183,128.0
1184,124.0
1185,109.0
1186,188.0
1187,165.0
1188,180.0
1189,185.0
1190,163.0
1191,144.0
1192,142.0
1193,177.0
1194,173.0
1195,108.0
1196,165.0
1197,159.0
1198,184.0
1199,134.0
1200,144.0
1201,190.0
1202,165.0
1203,177.0
1204,191.0
1205,115.0
1206,247.0
1207,129.0
1208,220.0
1209,200.0
1210,221.0
1211,152.0
1212,116.0
1213,165.0
1214,172.0
1215,169.0
1216,156.0
1217,196.0
1218,234.0
1219,182.0
1220,142.0
1221,169.0
1222,142.0
1223,126.0
1224,196.0
1225,195.0
1226,184.0
1227,153.0
1228,60.0
1229,138.0
1230,152.0
1231,217.0
1232,128.0
1233,137.0
1234,174.0
1235,176.0
1236,118.0
1237,139.0
1238,186.0
1239,113.0
1240,164.0
1241,150.0
1242,191.0
1243,164.0
1244,106.0
1245,153.0
1246,137.0
1247,163.0
1248,114.0
1249,92.0
1250,117.0
1251,182.0
1252,106.0
1253,152.0
1254,115.0
1255,142.0
1256,140.0
1257,179.0
1258,148.0
1259,190.0
1260,130.0
1261,135.0
1262,231.0
1263,89.0
1264,201.0
1265,133.0
1266,127.0
1267,117.0
1268,164.0
1269,129.0
1270,155.0
1271,116.0
1272,83.0
1273,198.0
1274,195.0
1275,174.0
1276,149.0
1277,254.0
1278,171.0
1279,150.0
1280,199.0
1281,133.0
1282,120.0
1283,181.0
1284,169.0
1285,181.0
1286,145.0
1287,249.0
1288,152.0
1289,196.0
1290,175.0
1291,108.0
1292,189.0
1293,167.0
1294,176.0
1295,166.0
1296,152.0
1297,122.0
1298,187.0
1299,185.0
1300,178.0
1301,137.0
1302,167.0
1303,179.0
1304,170.0
1305,131.0
1306,147.0
1307,162.0
1308,173.0
1309,211.0
1310,141.0
1311,150.0
1312,174.0
1313,104.0
1314,127.0
1315,193.0
1316,164.0
1317,141.0
1318,153.0
1319,127.0
1320,210.0
1321,160.0
1322,154.0
1323,122.0
1324,223.0
1325,144.0
1326,119.0
1327,145.0
1328,142.0
1329,165.0
1330,173.0
1331,209.0
1332,172.0
1333,141.0
1334,177.0
1335,141.0
1336,242.0
1337,194.0
1338,106.0
1339,193.0
1340,193.0
1341,145.0
1342,158.0
1343,186.0
1344,129.0
1345,108.0
1346,190.0
1347,117.0
1348,173.0
1349,136.0
1350,150.0
1351,160.0
1352,184.0
1353,163.0
1354,194.0
1355,153.0
1356,114.0
1357,131.0
1358,122.0
1359,134.0
1360,114.0
1361,130.0
1362,130.0
1363,177.0
1364,114.0
1365,108.0
1366,173.0
1367,123.0
1368,148.0
1369,186.0
1370,174.0
1371,171.0
1372,114.0
1373,150.0
1374,116.0
1375,144.0
1376,129.0
1377,127.0
1378,143.0
1379,159.0
1380,133.0
1381,192.0
1382,219.0
1383,180.0
1384,211.0
1385,163.0
1386,171.0
1387,190.0
1388,140.0
1389,142.0
1390,131.0
1391,141.0
1392,163.0
1393,158.0
1394,160.0
1395,149.0
1396,151.0
1397,152.0
1398,195.0
1399,210.0
1400,105.0
1401,118.0
1402,195.0
1403,94.0
1404,150.0
1405,129.0
1406,234.0
1407,161.0
1408,108.0
1409,152.0
1410,209.0
1411,199.0
1412,79.0
1413,142.0
1414,214.0
1415,195.0
1416,156.0
1417,129.0
1418,178.0
1419,148.0
1420,195.0
1421,119.0
1422,149.0
1423,190.0
1424,231.0
1425,105.0
1426,136.0
1427,142.0
1428,88.0
1429,130.0
1430,150.0
1431,137.0
1432,70.0
1433,195.0
1434,151.0
1435,134.0
1436,94.0
1437,147.0
1438,146.0
1439,68.0
1440,162.0
1441,196.0
1442,127.0
1443,163.0
1444,173.0
1445,165.0
1446,164.0
1447,231.0
1448,229.0
1449,152.0
1450,151.0
1451,170.0
1452,128.0
1453,154.0
1454,176.0
1455,171.0
1456,171.0
1457,160.0
1458,158.0
1459,206.0
1460,159.0
1461,168.0
1462,167.0
1463,206.0
1464,152.0
1465,131.0
1466,215.0
1467,198.0
1468,146.0
1469,127.0
1470,175.0
1471,133.0
1472,175.0
1473,102.0
1474,121.0
1475,175.0
1476,140.0
1477,105.0
1478,116.0
1479,174.0
1480,123.0
1481,153.0
1482,161.0
1483,188.0
1484,167.0
1485,138.0
1486,135.0
1487,170.0
1488,159.0
1489,92.0
1490,120.0
1491,96.0
1492,138.0
1493,127.0
1494,140.0
1495,173.0
1496,215.0
1497,116.0
1498,179.0
1499,166.0
1500,178.0
1501,225.0
1502,203.0
1503,189.0
1504,197.0
1505,201.0
1506,181.0
1507,214.0
1508,83.0
1509,203.0
1510,156.0
1511,159.0
1512,191.0
1513,152.0
1514,209.0
1515,201.0
1516,101.0
1517,164.0
1518,154.0
1519,185.0
1520,156.0
1521,127.0
1522,172.0
1523,130.0
1524,173.0
1525,161.0
1526,129.0
1527,104.0
1528,137.0
1529,188.0
1530,231.0
1531,166.0
1532,185.0
1533,185.0
1534,89.0
1535,228.0
1536,103.0
1537,192.0
1538,200.0
1539,205.0
1540,195.0
1541,165.0
1542,115.0
1543,133.0
1544,163.0
1545,158.0
1546,162.0
1547,135.0
1548,200.0
1549,211.0
1550,147.0
1551,134.0
1552,182.0
1553,122.0
1554,155.0
1555,176.0
1556,120.0
1557,179.0
1558,175.0
1559,175.0
1560,183.0
1561,163.0
1562,91.0
1563,143.0
1564,193.0
1565,107.0
1566,140.0
1567,197.0
1568,211.0
1569,142.0
1570,159.0
1571,79.0
1572,138.0
1573,144.0
1574,167.0
1575,104.0
1576,183.0
1577,184.0
1578,92.0
1579,148.0
1580,122.0
1581,138.0
1582,232.0
1583,194.0
1584,136.0
1585,145.0
1586,123.0
1587,140.0
1588,203.0
1589,106.0
1590,168.0
1591,129.0
1592,158.0
1593,148.0
1594,204.0
1595,151.0
1596,185.0
1597,207.0
1598,136.0
1599,170.0
1600,118.0
1601,178.0
1602,172.0
1603,192.0
1604,208.0
1605,128.0
1606,184.0
1607,85.0
1608,190.0
1609,141.0
1610,166.0
1611,212.0
1612,154.0
1613,184.0
1614,168.0
1615,147.0
1616,119.0
1617,125.0
1618,140.0
1619,164.0
1620,174.0
1621,195.0
1622,161.0
1623,154.0
1624,222.0
1625,127.0
1626,127.0
1627,175.0
1628,175.0
1629,161.0
1630,154.0
1631,100.0
1632,176.0
1633,189.0
1634,102.0
1635,202.0
1636,124.0
1637,169.0
1638,148.0
1639,221.0
1640,141.0
1641,199.0
1642,115.0
1643,139.0
1644,170.0
1645,138.0
1646,170.0
1647,153.0
1648,150.0
1649,232.0
1650,184.0
1651,172.0
1652,154.0
1653,141.0
1654,156.0
1655,152.0
1656,153.0
1657,181.0
1658,161.0
1659,159.0
1660,132.0
1661,147.0
1662,150.0
1663,129.0
1664,182.0
1665,162.0
1666,177.0
1667,154.0
1668,141.0
1669,208.0
1670,224.0
1671,125.0
1672,130.0
1673,173.0
1674,193.0
1675,151.0
1676,91.0
1677,172.0
1678,144.0
1679,140.0
1680,198.0
1681,172.0
1682,183.0
1683,194.0
1684,204.0
1685,133.0
1686,163.0
1687,196.0
1688,156.0
1689,133.0
1690,171.0
1691,183.0
1692,164.0
1693,122.0
1694,144.0
1695,187.0
1696,107.0
1697,150.0
1698,212.0
1699,172.0
1700,204.0
1701,130.0
1702,149.0
1703,167.0
1704,210.0
1705,192.0
1706,165.0
1707,152.0
1708,109.0
1709,116.0
1710,152.0
1711,178.0
1712,168.0
1713,211.0
1714,209.0
1715,133.0
1716,177.0
1717,196.0
1718,162.0
1719,174.0
1720,136.0
1721,127.0
1722,187.0
1723,139.0
1724,121.0
1725,113.0
1726,147.0
1727,127.0
1728,128.0
1729,118.0
1730,182.0
1731,129.0
1732,140.0
1733,196.0
1734,137.0
1735,125.0
1736,131.0
1737,185.0
1738,129.0
1739,115.0
1740,154.0
1741,162.0
1742,120.0
1743,118.0
1744,163.0
1745,141.0
1746,197.0
1747,127.0
1748,150.0
1749,142.0
1750,154.0
1751,143.0
1752,187.0
1753,187.0
1754,150.0
1755,258.0
1756,150.0
1757,136.0
1758,111.0
1759,201.0
1760,143.0
1761,116.0
1762,174.0
1763,163.0
1764,174.0
1765,211.0
1766,134.0
1767,153.0
1768,155.0
1769,162.0
1770,232.0
1771,161.0
1772,147.0
1773,157.0
1774,175.0
1775,213.0
1776,202.0
1777,142.0
1778,165.0
1779,156.0
1780,143.0
1781,182.0
1782,194.0
1783,150.0
1784,195.0
1785,124.0
1786,150.0
1787,192.0
1788,129.0
1789,141.0
1790,123.0
1791,120.0
1792,157.0
1793,165.0
1794,205.0
1795,190.0
1796,197.0
1797,128.0
1798,94.0
1799,120.0
1800,143.0
1801,194.0
1802,221.0
1803,192.0
1804,153.0
1805,127.0
1806,185.0
1807,115.0
1808,143.0
1809,140.0
1810,171.0
1811,185.0
1812,193.0
1813,131.0
1814,146.0
1815,179.0
1816,135.0
1817,184.0
1818,116.0
1819,99.0
1820,123.0
1821,184.0
1822,215.0
1823,120.0
1824,215.0
1825,172.0
1826,148.0
1827,83.0
1828,179.0
1829,111.0
1830,216.0
1831,139.0
1832,120.0
1833,168.0
1834,156.0
1835,118.0
1836,163.0
1837,175.0
1838,189.0
1839,116.0
1840,202.0
1841,177.0
1842,105.0
1843,111.0
1844,149.0
1845,224.0
1846,183.0
1847,206.0
1848,148.0
1849,165.0
1850,186.0
1851,100.0
1852,117.0
1853,228.0
1854,178.0
1855,138.0
1856,135.0
1857,135.0
1858,150.0
1859,88.0
1860,161.0
1861,135.0
1862,164.0
1863,150.0
1864,152.0
1865,109.0
1866,112.0
1867,150.0
1868,114.0
1869,185.0
1870,173.0
1871,208.0
1872,92.0
1873,154.0
1874,147.0
1875,153.0
1876,113.0
1877,181.0
1878,161.0
1879,142.0
1880,168.0
1881,187.0
1882,123.0
1883,150.0
1884,127.0
1885,187.0
1886,143.0
1887,186.0
1888,211.0
1889,135.0
1890,125.0
1891,151.0
1892,124.0
1893,188.0
1894,97.0
1895,174.0
1896,142.0
1897,155.0
1898,144.0
1899,143.0
1900,142.0
1901,145.0
1902,119.0
1903,142.0
1904,141.0
1905,176.0
1906,174.0
1907,186.0
1908,133.0
1909,174.0
1910,140.0
1911,148.0
1912,146.0
1913,139.0
1914,180.0
1915,161.0
1916,170.0
1917,143.0
1918,210.0
1919,125.0
1920,158.0
1921,121.0
1922,127.0
1923,172.0
1924,198.0
1925,183.0
1926,161.0
1927,195.0
1928,175.0
1929,163.0
1930,153.0
1931,142.0
1932,197.0
1933,130.0
1934,191.0
1935,163.0
1936,174.0
1937,247.0
1938,120.0
1939,197.0
1940,178.0
1941,89.0
1942,198.0
1943,158.0
1944,157.0
1945,167.0
1946,175.0
1947,232.0
1948,167.0
1949,221.0
1950,197.0
1951,138.0
1952,257.0
1953,154.0
1954,137.0
1955,127.0
1956,188.0
1957,151.0
1958,129.0
1959,88.0
1960,231.0
1961,183.0
1962,218.0
1963,189.0
1964,210.0
1965,150.0
1966,238.0
1967,182.0
1968,121.0
1969,174.0
1970,153.0
1971,132.0
1972,149.0
1973,158.0
1974,168.0
1975,135.0
1976,98.0
1977,176.0
1978,107.0
1979,152.0
1980,191.0
1981,117.0
1982,124.0
1983,109.0
1984,106.0
1985,115.0
1986,154.0
1987,184.0
1988,142.0
1989,196.0
1990,171.0
1991,109.0
1992,132.0
1993,138.0
1994,129.0
1995,165.0
1996,148.0
1997,140.0
1998,149.0
1999,105.0
2000,142.0
2001,244.0
2002,170.0
2003,162.0
2004,150.0
2005,192.0
2006,170.0
2007,203.0
2008,57.0
2009,187.0
2010,159.0
2011,142.0
2012,184.0
2013,172.0
2014,130.0
2015,116.0
2016,150.0
2017,154.0
2018,101.0
2019,114.0
2020,197.0
2021,139.0
2022,137.0
2023,166.0
2024,165.0
2025,147.0
2026,119.0
2027,123.0
2028,172.0
2029,154.0
2030,205.0
2031,109.0
2032,153.0
2033,139.0
2034,200.0
2035,129.0
2036,230.0
2037,144.0
2038,135.0
2039,197.0
2040,160.0
2041,233.0
2042,114.0
2043,170.0
2044,159.0
2045,120.0
2046,194.0
2047,139.0
2048,189.0
2049,154.0
2050,126.0
2051,163.0
2052,108.0
2053,154.0
2054,141.0
2055,198.0
2056,153.0
2057,99.0
2058,197.0
2059,156.0
2060,152.0
2061,188.0
2062,214.0
2063,129.0
2064,131.0
2065,148.0
2066,195.0
2067,185.0
2068,157.0
2069,135.0
2070,94.0
2071,138.0
2072,168.0
2073,152.0
2074,142.0
2075,101.0
2076,203.0
2077,127.0
2078,177.0
2079,158.0
2080,130.0
2081,210.0
2082,134.0
2083,150.0
2084,212.0
2085,164.0
2086,243.0
2087,130.0
2088,171.0
2089,117.0
2090,114.0
2091,158.0
2092,158.0
2093,169.0
2094,152.0
2095,153.0
2096,176.0
2097,163.0
2098,142.0
2099,154.0
2100,240.0
2101,186.0
2102,208.0
2103,180.0
2104,174.0
2105,147.0
2106,214.0
2107,173.0
2108,168.0
2109,126.0
2110,175.0
2111,155.0
2112,163.0
2113,165.0
2114,220.0
2115,208.0
2116,162.0
2117,187.0
2118,160.0
2119,154.0
2120,113.0
2121,142.0
2122,204.0
2123,101.0
2124,182.0
2125,149.0
2126,140.0
2127,182.0
2128,163.0
2129,135.0
2130,213.0
2131,153.0
2132,125.0
2133,142.0
2134,139.0
2135,152.0
2136,119.0
2137,207.0
2138,153.0
2139,224.0
2140,158.0
2141,151.0
2142,144.0
2143,184.0
2144,143.0
2145,150.0
2146,127.0
2147,84.0
2148,184.0
2149,221.0
2150,168.0
2151,156.0
2152,139.0
2153,155.0
2154,196.0
2155,156.0
2156,112.0
2157,133.0
2158,147.0
2159,162.0
2160,208.0
2161,119.0
2162,157.0
2163,125.0
2164,159.0
2165,138.0
2166,178.0
2167,194.0
2168,131.0
2169,100.0
2170,172.0
2171,145.0
2172,130.0
2173,196.0
2174,151.0
2175,170.0
2176,163.0
2177,90.0
2178,96.0
2179,128.0
2180,143.0
2181,203.0
2182,142.0
2183,157.0
2184,184.0
2185,122.0
2186,103.0
2187,148.0
2188,188.0
2189,114.0
2190,172.0
2191,184.0
2192,118.0
2193,140.0
2194,100.0
2195,88.0
2196,114.0
2197,177.0
2198,150.0
2199,118.0
2200,96.0
2201,171.0
2202,107.0
2203,245.0
2204,228.0
2205,154.0
2206,172.0
2207,150.0
2208,171.0
2209,116.0
2210,210.0
2211,216.0
2212,155.0
2213,148.0
2214,147.0
2215,173.0
2216,135.0
2217,129.0
2218,176.0
2219,94.0
2220,184.0
2221,150.0
2222,194.0
2223,150.0
2224,146.0
2225,130.0
2226,149.0
2227,107.0
2228,184.0
2229,144.0
2230,160.0
2231,209.0
2232,232.0
2233,167.0
2234,165.0
2235,161.0
2236,143.0
2237,199.0
2238,207.0
2239,174.0
2240,186.0
2241,178.0
2242,231.0
2243,86.0
2244,152.0
2245,124.0
2246,147.0
2247,172.0
2248,124.0
2249,140.0
2250,178.0
2251,129.0
2252,150.0
2253,174.0
2254,114.0
2255,117.0
2256,141.0
2257,154.0
2258,142.0
2259,193.0
2260,128.0
2261,165.0
2262,154.0
2263,206.0
2264,94.0
2265,200.0
2266,173.0
2267,194.0
2268,205.0
2269,143.0
2270,154.0
2271,142.0
2272,92.0
2273,148.0
2274,190.0
2275,130.0
2276,160.0
2277,199.0
2278,140.0
2279,151.0
2280,177.0
2281,221.0
2282,138.0
2283,242.0
2284,184.0
2285,183.0
2286,163.0
2287,188.0
2288,149.0
2289,151.0
2290,122.0
2291,201.0
2292,165.0
2293,140.0
2294,148.0
2295,139.0
2296,158.0
2297,150.0
2298,146.0
2299,142.0
2300,146.0
2301,124.0
2302,169.0
2303,192.0
2304,186.0
2305,139.0
2306,98.0
2307,155.0
2308,225.0
2309,147.0
2310,153.0
2311,151.0
2312,165.0
2313,231.0
2314,160.0
2315,145.0
2316,227.0
2317,188.0
2318,153.0
2319,212.0
2320,160.0
2321,166.0
2322,158.0
2323,147.0
2324,131.0
2325,112.0
2326,116.0
2327,169.0
2328,162.0
2329,174.0
2330,143.0
2331,177.0
2332,204.0
2333,127.0
2334,153.0
2335,127.0
2336,225.0
2337,147.0
2338,169.0
2339,233.0
2340,144.0
2341,160.0
2342,177.0
2343,137.0
2344,201.0
2345,127.0
2346,111.0
2347,162.0
2348,186.0
2349,130.0
2350,146.0
2351,118.0
2352,126.0
2353,103.0
2354,146.0
2355,164.0
2356,184.0
2357,128.0
2358,201.0
2359,100.0
2360,178.0
2361,214.0
2362,157.0
2363,132.0
2364,177.0
2365,141.0
2366,136.0
2367,178.0
2368,153.0
2369,134.0
2370,165.0
2371,151.0
2372,173.0
2373,217.0
2374,204.0
2375,127.0
2376,157.0
2377,179.0
2378,171.0
2379,140.0
2380,187.0
2381,145.0
2382,161.0
2383,150.0
2384,156.0
2385,218.0
2386,194.0
2387,140.0
2388,120.0
2389,139.0
2390,160.0
2391,136.0
2392,140.0
2393,155.0
2394,164.0
2395,134.0
2396,166.0
2397,183.0
2398,153.0
2399,150.0
2400,151.0
2401,213.0
2402,178.0
2403,216.0
2404,189.0
2405,182.0
2406,192.0
2407,174.0
2408,195.0
2409,93.0
2410,196.0
2411,122.0
2412,148.0
2413,179.0
2414,113.0
2415,196.0
2416,131.0
2417,105.0
2418,169.0
2419,119.0
2420,187.0
2421,142.0
2422,136.0
2423,132.0
2424,126.0
2425,113.0
2426,230.0
2427,130.0
2428,150.0
2429,152.0
2430,205.0
2431,169.0
2432,155.0
2433,133.0
2434,169.0
2435,221.0
2436,150.0
2437,148.0
2438,103.0
2439,159.0
2440,153.0
2441,132.0
2442,156.0
2443,157.0
2444,101.0
2445,138.0
2446,112.0
2447,132.0
2448,113.0
2449,160.0
2450,232.0
2451,144.0
2452,149.0
2453,154.0
2454,188.0
2455,128.0
2456,246.0
2457,141.0
2458,135.0
2459,183.0
2460,159.0
2461,126.0
2462,105.0
2463,119.0
2464,156.0
2465,157.0
2466,217.0
2467,186.0
2468,160.0
2469,132.0
2470,138.0
2471,152.0
2472,152.0
2473,243.0
2474,209.0
2475,151.0
2476,175.0
2477,131.0
2478,183.0
2479,153.0
2480,189.0
2481,161.0
2482,96.0
2483,141.0
2484,138.0
2485,105.0
2486,110.0
2487,147.0
2488,119.0
2489,155.0
2490,132.0
2491,128.0
2492,211.0
2493,149.0
2494,165.0
2495,169.0
2496,165.0
2497,194.0
2498,119.0
2499,157.0
2500,117.0
2501,116.0
2502,152.0
2503,141.0
2504,128.0
2505,153.0
2506,177.0
2507,128.0
2508,196.0
2509,112.0
2510,163.0
2511,135.0
2512,81.0
2513,142.0
2514,223.0
2515,177.0
2516,216.0
2517,143.0
2518,132.0
2519,148.0
2520,190.0
2521,134.0
2522,148.0
2523,163.0
2524,189.0
2525,163.0
2526,180.0
2527,118.0
2528,185.0
2529,120.0
2530,161.0
2531,71.0
2532,138.0
2533,197.0
2534,141.0
2535,154.0
2536,138.0
2537,122.0
2538,175.0
2539,125.0
2540,128.0
2541,179.0
2542,222.0
2543,166.0
2544,142.0
2545,109.0
2546,187.0
2547,182.0
2548,163.0
2549,206.0
2550,142.0
2551,156.0
2552,221.0
2553,124.0
2554,118.0
2555,200.0
2556,131.0
2557,116.0
2558,137.0
2559,136.0
2560,229.0
2561,183.0
2562,244.0
2563,192.0
2564,134.0
2565,166.0
2566,174.0
2567,171.0
2568,165.0
2569,221.0
2570,96.0
2571,144.0
2572,118.0
2573,169.0
2574,201.0
2575,152.0
2576,132.0
2577,140.0
2578,132.0
2579,102.0
2580,79.0
2581,191.0
2582,172.0
2583,136.0
2584,232.0
2585,175.0
2586,151.0
2587,137.0
2588,163.0
2589,140.0
2590,81.0
2591,168.0
2592,165.0
2593,150.0
2594,181.0
2595,100.0
2596,162.0
2597,170.0
2598,192.0
2599,143.0
2600,132.0
2601,142.0
2602,133.0
2603,176.0
2604,174.0
2605,174.0
2606,138.0
2607,197.0
2608,122.0
2609,173.0
2610,207.0
2611,137.0
2612,146.0
2613,164.0
2614,120.0
2615,180.0
2616,161.0
2617,106.0
2618,148.0
2619,148.0
2620,138.0
2621,149.0
2622,126.0
2623,164.0
2624,106.0
2625,139.0
2626,199.0
2627,187.0
2628,188.0
2629,107.0
2630,248.0
2631,197.0
2632,192.0
2633,149.0
2634,94.0
2635,182.0
2636,130.0
2637,127.0
2638,104.0
2639,129.0
2640,134.0
2641,157.0
2642,180.0
2643,139.0
2644,150.0
2645,165.0
2646,212.0
2647,100.0
2648,142.0
2649,162.0
2650,149.0
2651,136.0
2652,129.0
2653,164.0
2654,114.0
2655,155.0
2656,144.0
2657,230.0
2658,149.0
2659,205.0
2660,154.0
2661,134.0
2662,153.0
2663,153.0
2664,140.0
2665,137.0
2666,116.0
2667,186.0
2668,167.0
2669,91.0
2670,115.0
2671,166.0
2672,144.0
2673,157.0
2674,212.0
2675,133.0
2676,157.0
2677,112.0
2678,178.0
2679,170.0
2680,194.0
2681,194.0
2682,126.0
2683,159.0
2684,159.0
2685,167.0
2686,129.0
2687,112.0
2688,205.0
2689,196.0
2690,159.0
2691,156.0
2692,184.0
2693,144.0
2694,152.0
2695,89.0
2696,175.0
2697,147.0
2698,196.0
2699,161.0
2700,230.0
2701,117.0
2702,168.0
2703,170.0
2704,73.0
2705,114.0
2706,125.0
2707,202.0
2708,130.0
2709,182.0
2710,115.0
2711,136.0
2712,252.0
2713,139.0
2714,80.0
2715,145.0
2716,115.0
2717,107.0
2718,186.0
2719,123.0
2720,137.0
2721,175.0
2722,134.0
2723,161.0
2724,131.0
2725,148.0
2726,147.0
2727,200.0
2728,161.0
2729,188.0
2730,136.0
2731,218.0
2732,96.0
2733,163.0
2734,157.0
2735,194.0
2736,109.0
2737,176.0
2738,178.0
2739,110.0
2740,99.0
2741,174.0
2742,223.0
2743,173.0
2744,219.0
2745,159.0
2746,136.0
2747,192.0
2748,210.0
2749,166.0
2750,139.0
2751,168.0
2752,126.0
2753,135.0
2754,146.0
2755,165.0
2756,140.0
2757,167.0
2758,123.0
2759,133.0
2760,156.0
2761,184.0
2762,155.0
2763,176.0
2764,234.0
2765,214.0
2766,167.0
2767,162.0
2768,190.0
2769,268.0
2770,154.0
2771,132.0
2772,117.0
2773,90.0
2774,120.0
2775,111.0
2776,181.0
2777,165.0
2778,131.0
2779,86.0
2780,172.0
2781,191.0
2782,195.0
2783,139.0
2784,188.0
2785,133.0
2786,149.0
2787,152.0
2788,162.0
2789,185.0
2790,148.0
2791,141.0
2792,161.0
2793,152.0
2794,173.0
2795,184.0
2796,159.0
2797,176.0
2798,196.0
2799,139.0
2800,102.0
2801,170.0
2802,135.0
2803,173.0
2804,117.0
2805,165.0
2806,159.0
2807,167.0
2808,185.0
2809,141.0
2810,134.0
2811,117.0
2812,220.0
2813,234.0
2814,188.0
2815,92.0
2816,129.0
2817,164.0
2818,235.0
2819,157.0
2820,107.0
2821,145.0
2822,143.0
2823,106.0
2824,206.0
2825,254.0
2826,140.0
2827,186.0
2828,172.0
2829,221.0
2830,138.0
2831,122.0
2832,184.0
2833,148.0
2834,170.0
2835,193.0
2836,187.0
2837,162.0
2838,126.0
2839,200.0
2840,158.0
2841,169.0
2842,168.0
2843,122.0
2844,165.0
2845,170.0
2846,95.0
2847,91.0
2848,139.0
2849,128.0
2850,178.0
2851,135.0
2852,160.0
2853,179.0
2854,125.0
2855,217.0
2856,149.0
2857,123.0
2858,180.0
2859,190.0
2860,242.0
2861,179.0
2862,223.0
2863,130.0
2864,116.0
2865,178.0
2866,206.0
2867,150.0
2868,125.0
2869,172.0
2870,116.0
2871,179.0
2872,149.0
2873,107.0
2874,185.0
2875,97.0
2876,121.0
2877,115.0
2878,131.0
2879,135.0
2880,132.0
2881,150.0
2882,162.0
2883,187.0
2884,94.0
2885,169.0
2886,153.0
2887,90.0
2888,144.0
2889,254.0
2890,162.0
2891,137.0
2892,151.0
2893,163.0
2894,100.0
2895,238.0
2896,185.0
2897,230.0
2898,151.0
2899,138.0
2900,165.0
2901,184.0
2902,168.0
2903,179.0
2904,165.0
2905,165.0
2906,150.0
2907,143.0
2908,173.0
2909,164.0
2910,125.0
2911,110.0
2912,175.0
2913,165.0
2914,136.0
2915,125.0
2916,104.0
2917,138.0
2918,193.0
2919,209.0
2920,136.0
2921,194.0
2922,188.0
2923,176.0
2924,115.0
2925,105.0
2926,133.0
2927,125.0
2928,163.0
2929,165.0
2930,134.0
2931,163.0
2932,195.0
2933,209.0
2934,172.0
2935,155.0
2936,121.0
2937,122.0
2938,184.0
2939,107.0
2940,177.0
2941,150.0
2942,152.0
2943,190.0
2944,147.0
2945,149.0
2946,130.0
2947,172.0
2948,144.0
2949,135.0
2950,155.0
2951,141.0
2952,168.0
2953,150.0
2954,144.0
2955,187.0
2956,163.0
2957,161.0
2958,151.0
2959,168.0
2960,95.0
2961,147.0
2962,141.0
2963,134.0
2964,148.0
2965,143.0
2966,103.0
2967,150.0
2968,141.0
2969,151.0
2970,129.0
2971,116.0
2972,193.0
2973,123.0
2974,153.0
2975,159.0
2976,127.0
2977,104.0
2978,171.0
2979,147.0
2980,172.0
2981,207.0
2982,164.0
2983,121.0
2984,140.0
2985,160.0
2986,172.0
2987,182.0
2988,172.0
2989,208.0
2990,122.0
2991,106.0
2992,141.0
2993,125.0
2994,156.0
2995,185.0
2996,112.0
2997,121.0
2998,140.0
2999,144.0
3000,169.0
3001,173.0
3002,118.0
3003,159.0
3004,202.0
3005,196.0
3006,156.0
3007,123.0
3008,149.0
3009,175.0
3010,183.0
3011,177.0
3012,169.0
3013,173.0
3014,165.0
3015,149.0
3016,185.0
3017,117.0
3018,129.0
3019,121.0
3020,195.0
3021,152.0
3022,177.0
3023,159.0
3024,116.0
3025,175.0
3026,139.0
3027,152.0
3028,169.0
3029,168.0
3030,175.0
3031,148.0
3032,218.0
3033,159.0
3034,182.0
3035,143.0
3036,172.0
3037,153.0
3038,201.0
3039,207.0
3040,181.0
3041,177.0
3042,163.0
3043,163.0
3044,131.0
3045,180.0
3046,166.0
3047,130.0
3048,146.0
3049,169.0
3050,211.0
3051,132.0
3052,169.0
3053,94.0
3054,116.0
3055,105.0
3056,150.0
3057,120.0
3058,170.0
3059,157.0
3060,191.0
3061,137.0
3062,148.0
3063,186.0
3064,234.0
3065,131.0
3066,154.0
3067,188.0
3068,227.0
3069,120.0
3070,181.0
3071,140.0
3072,144.0
3073,184.0
3074,140.0
3075,129.0
3076,129.0
3077,139.0
3078,159.0
3079,159.0
3080,148.0
3081,132.0
3082,211.0
3083,171.0
3084,187.0
3085,161.0
3086,148.0
3087,152.0
3088,164.0
3089,163.0
3090,137.0
3091,148.0
3092,178.0
3093,163.0
3094,115.0
3095,128.0
3096,104.0
3097,178.0
3098,69.0
3099,187.0
3100,125.0
3101,113.0
3102,172.0
3103,158.0
3104,150.0
3105,115.0
3106,156.0
3107,201.0
3108,188.0
3109,163.0
3110,159.0
3111,183.0
3112,140.0
3113,175.0
3114,164.0
3115,152.0
3116,166.0
3117,174.0
3118,210.0
3119,173.0
3120,130.0
3121,246.0
3122,166.0
3123,166.0
3124,181.0
3125,143.0
3126,151.0
3127,178.0
3128,142.0
3129,124.0
3130,144.0
3131,121.0
3132,197.0
3133,125.0
3134,128.0
3135,139.0
3136,176.0
3137,150.0
3138,178.0
3139,166.0
3140,175.0
3141,111.0
3142,193.0
3143,132.0
3144,94.0
3145,150.0
3146,187.0
3147,229.0
3148,196.0
3149,136.0
3150,138.0
3151,116.0
3152,158.0
3153,198.0
3154,137.0
3155,165.0
3156,142.0
3157,260.0
3158,134.0
3159,198.0
3160,130.0
3161,136.0
3162,162.0
3163,147.0
3164,189.0
3165,144.0
3166,162.0
3167,161.0
3168,146.0
3169,245.0
3170,189.0
3171,124.0
3172,139.0
3173,177.0
3174,211.0
3175,162.0
3176,147.0
3177,161.0
3178,137.0
3179,171.0
3180,81.0
3181,104.0
3182,203.0
3183,172.0
3184,209.0
3185,195.0
3186,135.0
3187,151.0
3188,137.0
3189,166.0
3190,99.0
3191,179.0
3192,172.0
3193,158.0
3194,121.0
3195,139.0
3196,140.0
3197,167.0
3198,203.0
3199,129.0
3200,160.0
3201,149.0
3202,159.0
3203,188.0
3204,142.0
3205,141.0
3206,181.0
3207,127.0
3208,188.0
3209,165.0
3210,158.0
3211,144.0
3212,186.0
3213,163.0
3214,132.0
3215,178.0
3216,156.0
3217,201.0
3218,132.0
3219,179.0
3220,129.0
3221,205.0
3222,117.0
3223,185.0
3224,92.0
3225,176.0
3226,148.0
3227,122.0
3228,125.0
3229,112.0
3230,151.0
3231,124.0
3232,104.0
3233,130.0
3234,176.0
3235,119.0
3236,107.0
3237,178.0
3238,212.0
3239,147.0
3240,160.0
3241,145.0
3242,193.0
3243,139.0
3244,138.0
3245,145.0
3246,177.0
3247,142.0
3248,193.0
3249,153.0
3250,185.0
3251,91.0
3252,175.0
3253,127.0
3254,121.0
3255,164.0
3256,162.0
3257,194.0
3258,167.0
3259,169.0
3260,157.0
3261,193.0
3262,110.0
3263,150.0
3264,164.0
3265,205.0
3266,132.0
3267,158.0
3268,167.0
3269,137.0
3270,152.0
3271,138.0
3272,134.0
3273,153.0
3274,107.0
3275,136.0
3276,212.0
3277,182.0
3278,199.0
3279,147.0
3280,140.0
3281,154.0
3282,188.0
3283,59.0
3284,207.0
3285,148.0
3286,152.0
3287,173.0
3288,160.0
3289,198.0
3290,161.0
3291,152.0
3292,164.0
3293,194.0
3294,159.0
3295,110.0
3296,198.0
3297,157.0
3298,191.0
3299,193.0
3300,174.0
3301,124.0
3302,157.0
3303,136.0
3304,114.0
3305,244.0
3306,122.0
3307,144.0
3308,112.0
3309,141.0
3310,177.0
3311,125.0
3312,130.0
3313,220.0
3314,92.0
3315,186.0
3316,193.0
3317,120.0
3318,145.0
3319,128.0
3320,151.0
3321,116.0
3322,167.0
3323,185.0
3324,139.0
3325,126.0
3326,131.0
3327,132.0
3328,165.0
3329,138.0
3330,122.0
3331,194.0
3332,182.0
3333,252.0
3334,168.0
3335,103.0
3336,198.0
3337,212.0
3338,164.0
3339,129.0
3340,112.0
3341,193.0
3342,166.0
3343,129.0
3344,193.0
3345,117.0
3346,184.0
3347,176.0
3348,154.0
3349,129.0
3350,166.0
3351,79.0
3352,189.0
3353,150.0
3354,154.0
3355,156.0
3356,139.0
3357,115.0
3358,125.0
3359,192.0
3360,153.0
3361,140.0
3362,215.0
3363,159.0
3364,179.0
3365,217.0
3366,95.0
3367,175.0
3368,132.0
3369,120.0
3370,161.0
3371,171.0
3372,153.0
3373,140.0
3374,185.0
3375,206.0
3376,153.0
3377,164.0
3378,117.0
3379,110.0
3380,174.0
3381,151.0
3382,197.0
3383,132.0
3384,164.0
3385,205.0
3386,87.0
3387,210.0
3388,146.0
3389,166.0
3390,170.0
3391,132.0
3392,135.0
3393,139.0
3394,163.0
3395,132.0
3396,153.0
3397,143.0
3398,183.0
3399,103.0
3400,141.0
3401,142.0
3402,169.0
3403,139.0
3404,176.0
3405,155.0
3406,183.0
3407,172.0
3408,154.0
3409,157.0
3410,156.0
3411,155.0
3412,181.0
3413,95.0
3414,185.0
3415,210.0
3416,209.0
3417,130.0
3418,112.0
3419,166.0
3420,164.0
3421,138.0
3422,180.0
3423,177.0
3424,163.0
3425,96.0
3426,148.0
3427,139.0
3428,152.0
3429,167.0
3430,195.0
3431,186.0
3432,197.0
3433,162.0
3434,180.0
3435,181.0
3436,207.0
3437,156.0
3438,133.0
3439,146.0
3440,142.0
3441,201.0
3442,140.0
3443,142.0
3444,139.0
3445,177.0
3446,155.0
3447,194.0
3448,141.0
3449,91.0
3450,83.0
3451,118.0
3452,168.0
3453,179.0
3454,194.0
3455,178.0
3456,129.0
3457,176.0
3458,116.0
3459,139.0
3460,171.0
3461,134.0
3462,151.0
3463,151.0
3464,168.0
3465,179.0
3466,155.0
3467,160.0
3468,158.0
3469,105.0
3470,141.0
3471,158.0
3472,198.0
3473,139.0
3474,149.0
3475,127.0
3476,201.0
3477,111.0
3478,182.0
3479,181.0
3480,149.0
3481,107.0
3482,143.0
3483,187.0
3484,124.0
3485,150.0
3486,160.0
3487,118.0
3488,197.0
3489,150.0
3490,106.0
3491,191.0
3492,93.0
3493,182.0
3494,103.0
3495,149.0
3496,161.0
3497,120.0
3498,220.0
3499,129.0
3500,138.0
3501,137.0
3502,183.0
3503,175.0
3504,197.0
3505,179.0
3506,151.0
3507,134.0
3508,138.0
3509,154.0
3510,172.0
3511,162.0
3512,117.0
3513,110.0
3514,112.0
3515,193.0
3516,183.0
3517,182.0
3518,193.0
3519,229.0
3520,151.0
3521,172.0
3522,136.0
3523,152.0
3524,186.0
3525,172.0
3526,125.0
3527,190.0
3528,148.0
3529,163.0
3530,138.0
3531,81.0
3532,137.0
3533,137.0
3534,136.0
3535,161.0
3536,159.0
3537,187.0
3538,124.0
3539,189.0
3540,160.0
3541,89.0
3542,141.0
3543,161.0
3544,126.0
3545,132.0
3546,184.0
3547,137.0
3548,217.0
3549,130.0
3550,164.0
3551,144.0
3552,82.0
3553,94.0
3554,151.0
3555,222.0
3556,182.0
3557,154.0
3558,226.0
3559,126.0
3560,140.0
3561,189.0
3562,109.0
3563,124.0
3564,172.0
3565,201.0
3566,119.0
3567,192.0
3568,138.0
3569,116.0
3570,106.0
3571,105.0
3572,205.0
3573,241.0
3574,195.0
3575,119.0
3576,132.0
3577,247.0
3578,150.0
3579,154.0
3580,169.0
3581,159.0
3582,103.0
3583,161.0
3584,128.0
3585,200.0
3586,224.0
3587,196.0
3588,160.0
3589,174.0
3590,179.0
3591,109.0
3592,166.0
3593,149.0
3594,167.0
3595,132.0
3596,219.0
3597,132.0
3598,83.0
3599,140.0
3600,116.0
3601,133.0
3602,214.0
3603,143.0
3604,134.0
3605,188.0
3606,167.0
3607,137.0
3608,182.0
3609,140.0
3610,150.0
3611,150.0
3612,162.0
3613,248.0
3614,171.0
3615,206.0
3616,168.0
3617,140.0
3618,112.0
3619,210.0
3620,98.0
3621,85.0
3622,131.0
3623,187.0
3624,145.0
3625,219.0
3626,135.0
3627,131.0
3628,154.0
3629,126.0
3630,128.0
3631,124.0
3632,81.0
3633,154.0
3634,143.0
3635,94.0
3636,144.0
3637,126.0
3638,197.0
3639,93.0
3640,177.0
3641,114.0
3642,186.0
3643,123.0
3644,153.0
3645,186.0
3646,209.0
3647,137.0
3648,161.0
3649,112.0
3650,193.0
3651,185.0
3652,152.0
3653,173.0
3654,222.0
3655,155.0
3656,165.0
3657,157.0
3658,133.0
3659,202.0
3660,196.0
3661,206.0
3662,221.0
3663,153.0
3664,117.0
3665,160.0
3666,149.0
3667,134.0
3668,185.0
3669,139.0
3670,167.0
3671,161.0
3672,183.0
3673,121.0
3674,183.0
3675,140.0
3676,206.0
3677,73.0
3678,142.0
3679,160.0
3680,150.0
3681,175.0
3682,103.0
3683,184.0
3684,149.0
3685,257.0
3686,204.0
3687,116.0
3688,94.0
3689,121.0
3690,190.0
3691,195.0
3692,160.0
3693,176.0
3694,170.0
3695,200.0
3696,172.0
3697,172.0
3698,170.0
3699,203.0
3700,125.0
3701,98.0
3702,129.0
3703,187.0
3704,182.0
3705,121.0
3706,189.0
3707,129.0
3708,193.0
3709,61.0
3710,158.0
3711,170.0
3712,104.0
3713,125.0
3714,136.0
3715,151.0
3716,140.0
3717,136.0
3718,95.0
3719,177.0
3720,112.0
3721,165.0
3722,149.0
3723,141.0
3724,136.0
3725,136.0
3726,107.0
3727,152.0
3728,174.0
3729,104.0
3730,130.0
3731,171.0
3732,115.0
3733,175.0
3734,145.0
3735,161.0
3736,108.0
3737,117.0
3738,171.0
3739,94.0
3740,134.0
3741,169.0
3742,104.0
3743,103.0
3744,143.0
3745,185.0
3746,154.0
3747,209.0
3748,106.0
3749,90.0
3750,183.0
3751,136.0
3752,219.0
3753,200.0
3754,110.0
3755,113.0
3756,127.0
3757,72.0
3758,172.0
3759,166.0
3760,191.0
3761,110.0
3762,183.0
3763,131.0
3764,88.0
3765,140.0
3766,127.0
3767,150.0
3768,163.0
3769,167.0
3770,161.0
3771,165.0
3772,192.0
3773,135.0
3774,166.0
3775,194.0
3776,200.0
3777,168.0
3778,107.0
3779,127.0
3780,181.0
3781,230.0
3782,149.0
3783,91.0
3784,187.0
3785,198.0
3786,73.0
3787,233.0
3788,160.0
3789,177.0
3790,207.0
3791,132.0
3792,128.0
3793,154.0
3794,184.0
3795,121.0
3796,148.0
3797,210.0
3798,103.0
3799,175.0
3800,212.0
3801,144.0
3802,161.0
3803,144.0
3804,164.0
3805,189.0
3806,178.0
3807,229.0
3808,174.0
3809,121.0
3810,148.0
3811,149.0
3812,142.0
3813,183.0
3814,142.0
3815,165.0
3816,121.0
3817,130.0
3818,182.0
3819,144.0
3820,166.0
3821,153.0
3822,170.0
3823,116.0
3824,103.0
3825,180.0
3826,207.0
3827,155.0
3828,195.0
3829,119.0
3830,146.0
3831,120.0
3832,149.0
3833,141.0
3834,195.0
3835,162.0
3836,194.0
3837,174.0
3838,158.0
3839,188.0
3840,199.0
3841,149.0
3842,126.0
3843,154.0
3844,135.0
3845,136.0
3846,154.0
3847,152.0
3848,174.0
3849,176.0
3850,220.0
3851,181.0
3852,129.0
3853,167.0
3854,161.0
3855,172.0
3856,91.0
3857,129.0
3858,140.0
3859,165.0
3860,126.0
3861,176.0
3862,162.0
3863,163.0
3864,182.0
3865,153.0
3866,172.0
3867,153.0
3868,216.0
3869,162.0
3870,106.0
3871,105.0
3872,188.0
3873,169.0
3874,139.0
3875,141.0
3876,114.0
3877,190.0
3878,154.0
3879,158.0
3880,113.0
3881,104.0
3882,173.0
3883,108.0
3884,213.0
3885,171.0
3886,194.0
3887,176.0
3888,208.0
3889,121.0
3890,132.0
3891,196.0
3892,128.0
3893,122.0
3894,170.0
3895,118.0
3896,185.0
3897,216.0
3898,164.0
3899,177.0
3900,153.0
3901,143.0
3902,174.0
3903,188.0
3904,151.0
3905,161.0
3906,136.0
3907,185.0
3908,167.0
3909,82.0
3910,104.0
3911,175.0
3912,152.0
3913,209.0
3914,174.0
3915,189.0
3916,175.0
3917,140.0
3918,112.0
3919,154.0
3920,126.0
3921,114.0
3922,162.0
3923,116.0
3924,197.0
3925,139.0
3926,129.0
3927,123.0
3928,181.0
3929,164.0
3930,120.0
3931,128.0
3932,114.0
3933,175.0
3934,191.0
3935,126.0
3936,147.0
3937,161.0
3938,171.0
3939,135.0
3940,187.0
3941,102.0
3942,126.0
3943,159.0
3944,182.0
3945,131.0
3946,183.0
3947,115.0
3948,176.0
3949,137.0
3950,170.0
3951,158.0
3952,119.0
3953,146.0
3954,186.0
3955,170.0
3956,104.0
3957,134.0
3958,132.0
3959,134.0
3960,156.0
3961,172.0
3962,174.0
3963,134.0
3964,135.0
3965,156.0
3966,130.0
3967,154.0
3968,198.0
3969,193.0
3970,138.0
3971,207.0
3972,171.0
3973,190.0
3974,162.0
3975,178.0
3976,149.0
3977,153.0
3978,178.0
3979,188.0
3980,154.0
3981,127.0
3982,150.0
3983,117.0
3984,110.0
3985,118.0
3986,106.0
3987,160.0
3988,131.0
3989,105.0
3990,162.0
3991,124.0
3992,188.0
3993,72.0
3994,159.0
3995,127.0
3996,154.0
3997,193.0
3998,160.0
3999,93.0
4000,159.0
4001,150.0
4002,217.0
4003,70.0
4004,127.0
4005,177.0
4006,174.0
4007,189.0
4008,246.0
4009,181.0
4010,130.0
4011,168.0
4012,165.0
4013,153.0
4014,166.0
4015,119.0
4016,180.0
4017,146.0
4018,139.0
4019,137.0
4020,152.0
4021,151.0
4022,205.0
4023,182.0
4024,134.0
4025,172.0
4026,153.0
4027,114.0
4028,142.0
4029,185.0
4030,172.0
4031,148.0
4032,124.0
4033,169.0
4034,149.0
4035,170.0
4036,126.0
4037,110.0
4038,181.0
4039,159.0
4040,246.0
4041,188.0
4042,112.0
4043,127.0
4044,130.0
4045,197.0
4046,162.0
4047,190.0
4048,77.0
4049,125.0
4050,147.0
4051,209.0
4052,186.0
4053,186.0
4054,137.0
4055,201.0
4056,184.0
4057,230.0
4058,159.0
4059,219.0
4060,135.0
4061,160.0
4062,204.0
4063,124.0
4064,181.0
4065,130.0
4066,220.0
4067,132.0
4068,200.0
4069,205.0
4070,140.0
4071,185.0
4072,201.0
4073,119.0
4074,118.0
4075,153.0
4076,157.0
4077,127.0
4078,162.0
4079,119.0
4080,169.0
4081,171.0
4082,183.0
4083,174.0
4084,239.0
4085,124.0
4086,200.0
4087,182.0
4088,207.0
4089,190.0
4090,138.0
4091,165.0
4092,176.0
4093,140.0
4094,157.0
4095,148.0
4096,116.0
4097,146.0
4098,222.0
4099,184.0
4100,124.0
4101,110.0
4102,159.0
4103,162.0
4104,116.0
4105,149.0
4106,222.0
4107,111.0
4108,179.0
4109,166.0
4110,130.0
4111,70.0
4112,83.0
4113,147.0
4114,229.0
4115,204.0
4116,149.0
4117,128.0
4118,138.0
4119,164.0
4120,200.0
4121,146.0
4122,214.0
4123,187.0
4124,142.0
4125,162.0
4126,172.0
4127,140.0
4128,164.0
4129,244.0
4130,222.0
4131,195.0
4132,163.0
4133,197.0
4134,158.0
4135,172.0
4136,157.0
4137,164.0
4138,140.0
4139,171.0
4140,83.0
4141,129.0
4142,168.0
4143,142.0
4144,136.0
4145,160.0
4146,197.0
4147,142.0
4148,189.0
4149,151.0
4150,187.0
4151,147.0
4152,140.0
4153,151.0
4154,139.0
4155,124.0
4156,166.0
4157,180.0
4158,136.0
4159,114.0
4160,128.0
4161,132.0
4162,125.0
4163,136.0
4164,189.0
4165,153.0
4166,134.0
4167,103.0
4168,128.0
4169,153.0
4170,179.0
4171,121.0
4172,242.0
4173,184.0
4174,65.0
4175,199.0
4176,223.0
4177,129.0
4178,129.0
4179,139.0
4180,173.0
4181,134.0
4182,161.0
4183,124.0
4184,207.0
4185,113.0
4186,117.0
4187,199.0
4188,208.0
4189,211.0
4190,183.0
4191,139.0
4192,200.0
4193,130.0
4194,150.0
4195,149.0
4196,155.0
4197,188.0
4198,159.0
4199,158.0
4200,177.0
4201,108.0
4202,149.0
4203,179.0
4204,192.0
4205,220.0
4206,150.0
4207,108.0
4208,118.0
4209,211.0
4210,109.0
4211,202.0
4212,141.0
4213,184.0
4214,118.0
4215,163.0
4216,178.0
4217,160.0
4218,149.0
4219,124.0
4220,188.0
4221,219.0
4222,105.0
4223,170.0
4224,160.0
4225,153.0
4226,176.0
4227,157.0
4228,117.0
4229,208.0
4230,176.0
4231,172.0
4232,149.0
4233,87.0
4234,245.0
4235,91.0
4236,103.0
4237,150.0
4238,136.0
4239,200.0
4240,140.0
4241,183.0
4242,153.0
4243,128.0
4244,175.0
4245,170.0
4246,166.0
4247,178.0
4248,162.0
4249,128.0
4250,141.0
4251,164.0
4252,152.0
4253,143.0
4254,160.0
4255,155.0
4256,164.0
4257,152.0
4258,150.0
4259,177.0
4260,119.0
4261,119.0
4262,109.0
4263,163.0
4264,174.0
4265,132.0
4266,118.0
4267,161.0
4268,126.0
4269,106.0
4270,144.0
4271,151.0
4272,102.0
4273,172.0
4274,135.0
4275,153.0
4276,163.0
4277,101.0
4278,169.0
4279,115.0
4280,110.0
4281,177.0
4282,219.0
4283,230.0
4284,172.0
4285,139.0
4286,196.0
4287,189.0
4288,194.0
4289,209.0
4290,169.0
4291,130.0
4292,153.0
4293,131.0
4294,142.0
4295,157.0
4296,216.0
4297,202.0
4298,149.0
4299,89.0
4300,138.0
4301,163.0
4302,163.0
4303,161.0
4304,161.0
4305,175.0
4306,162.0
4307,143.0
4308,152.0
4309,159.0
4310,136.0
4311,139.0
4312,140.0
4313,139.0
4314,145.0
4315,149.0
4316,134.0
4317,169.0
4318,160.0
4319,192.0
4320,164.0
4321,172.0
4322,127.0
4323,135.0
4324,135.0
4325,96.0
4326,158.0
4327,184.0
4328,183.0
4329,145.0
4330,128.0
4331,140.0
4332,137.0
4333,167.0
4334,166.0
4335,117.0
4336,141.0
4337,96.0
4338,114.0
4339,153.0
4340,144.0
4341,194.0
4342,182.0
4343,178.0
4344,138.0
4345,171.0
4346,163.0
4347,152.0
4348,166.0
4349,183.0
4350,128.0
4351,147.0
4352,169.0
4353,143.0
4354,186.0
4355,120.0
4356,181.0
4357,132.0
4358,183.0
4359,182.0
4360,163.0
4361,115.0
4362,164.0
4363,117.0
4364,173.0
4365,129.0
4366,185.0
4367,173.0
4368,199.0
4369,127.0
4370,148.0
4371,174.0
4372,155.0
4373,187.0
4374,197.0
4375,128.0
4376,147.0
4377,142.0
4378,196.0
4379,131.0
4380,129.0
4381,164.0
4382,127.0
4383,161.0
4384,170.0
4385,193.0
4386,226.0
4387,211.0
4388,211.0
4389,145.0
4390,136.0
4391,190.0
4392,128.0
4393,121.0
4394,140.0
4395,174.0
4396,201.0
4397,138.0
4398,190.0
4399,195.0
4400,191.0
4401,166.0
4402,138.0
4403,135.0
4404,194.0
4405,188.0
4406,157.0
4407,138.0
4408,174.0
4409,227.0
4410,183.0
4411,184.0
4412,197.0
4413,112.0
4414,118.0
4415,143.0
4416,144.0
4417,97.0
4418,176.0
4419,146.0
4420,176.0
4421,109.0
4422,147.0
4423,136.0
4424,202.0
4425,176.0
4426,137.0
4427,167.0
4428,149.0
4429,195.0
4430,209.0
4431,186.0
4432,117.0
4433,182.0
4434,119.0
4435,106.0
4436,172.0
4437,192.0
4438,132.0
4439,173.0
4440,159.0
4441,147.0
4442,159.0
4443,137.0
4444,101.0
4445,128.0
4446,149.0
4447,196.0
4448,168.0
4449,125.0
4450,148.0
4451,165.0
4452,183.0
4453,148.0
4454,208.0
4455,155.0
4456,210.0
4457,137.0
4458,112.0
4459,159.0
4460,165.0
4461,179.0
4462,175.0
4463,156.0
4464,109.0
4465,153.0
4466,115.0
4467,162.0
4468,106.0
4469,218.0
4470,201.0
4471,128.0
4472,116.0
4473,187.0
4474,208.0
4475,159.0
4476,174.0
4477,179.0
4478,160.0
4479,160.0
4480,156.0
4481,153.0
4482,134.0
4483,146.0
4484,188.0
4485,187.0
4486,106.0
4487,149.0
4488,135.0
4489,155.0
4490,178.0
4491,140.0
4492,117.0
4493,113.0
4494,142.0
4495,184.0
4496,182.0
4497,175.0
4498,110.0
4499,169.0
4500,164.0
4501,129.0
4502,95.0
4503,138.0
4504,142.0
4505,164.0
4506,158.0
4507,126.0
4508,114.0
4509,143.0
4510,162.0
4511,113.0
4512,164.0
4513,207.0
4514,107.0
4515,107.0
4516,121.0
4517,103.0
4518,210.0
4519,169.0
4520,139.0
4521,182.0
4522,151.0
4523,180.0
4524,161.0
4525,92.0
4526,136.0
4527,143.0
4528,181.0
4529,185.0
4530,160.0
4531,129.0
4532,209.0
4533,159.0
4534,197.0
4535,159.0
4536,211.0
4537,155.0
4538,183.0
4539,115.0
4540,188.0
4541,207.0
4542,137.0
4543,178.0
4544,93.0
4545,76.0
4546,141.0
4547,134.0
4548,160.0
4549,147.0
4550,234.0
4551,189.0
4552,196.0
4553,170.0
4554,108.0
4555,68.0
4556,152.0
4557,173.0
4558,114.0
4559,162.0
4560,163.0
4561,138.0
4562,120.0
4563,152.0
4564,186.0
4565,195.0
4566,148.0
4567,265.0
4568,179.0
4569,227.0
4570,180.0
4571,188.0
4572,194.0
4573,149.0
4574,233.0
4575,187.0
4576,160.0
4577,122.0
4578,138.0
4579,138.0
4580,176.0
4581,133.0
4582,154.0
4583,188.0
4584,188.0
4585,95.0
4586,213.0
4587,182.0
4588,87.0
4589,141.0
4590,160.0
4591,153.0
4592,162.0
4593,154.0
4594,123.0
4595,161.0
4596,220.0
4597,159.0
4598,136.0
4599,170.0
4600,209.0
4601,78.0
4602,131.0
4603,221.0
4604,163.0
4605,175.0
4606,170.0
4607,162.0
4608,172.0
4609,159.0
4610,104.0
4611,160.0
4612,193.0
4613,150.0
4614,157.0
4615,202.0
4616,152.0
4617,151.0
4618,181.0
4619,161.0
4620,143.0
4621,120.0
4622,151.0
4623,190.0
4624,160.0
4625,120.0
4626,185.0
4627,158.0
4628,172.0
4629,149.0
4630,124.0
4631,118.0
4632,166.0
4633,147.0
4634,103.0
4635,178.0
4636,154.0
4637,190.0
4638,173.0
4639,150.0
4640,178.0
4641,147.0
4642,154.0
4643,83.0
4644,165.0
4645,163.0
4646,151.0
4647,128.0
4648,143.0
4649,147.0
4650,108.0
4651,231.0
4652,127.0
4653,144.0
4654,117.0
4655,163.0
4656,213.0
4657,153.0
4658,107.0
4659,135.0
4660,141.0
4661,164.0
4662,121.0
4663,122.0
4664,173.0
4665,186.0
4666,205.0
4667,176.0
4668,170.0
4669,192.0
4670,199.0
4671,165.0
4672,119.0
4673,198.0
4674,208.0
4675,152.0
4676,176.0
4677,87.0
4678,143.0
4679,113.0
4680,126.0
4681,168.0
4682,173.0
4683,200.0
4684,173.0
4685,181.0
4686,133.0
4687,104.0
4688,203.0
4689,124.0
4690,126.0
4691,116.0
4692,154.0
4693,172.0
4694,161.0
4695,211.0
4696,160.0
4697,152.0
4698,116.0
4699,107.0
4700,126.0
4701,160.0
4702,251.0
4703,126.0
4704,114.0
4705,151.0
4706,112.0
4707,172.0
4708,161.0
4709,184.0
4710,128.0
4711,194.0
4712,108.0
4713,170.0
4714,145.0
4715,127.0
4716,115.0
4717,206.0
4718,124.0
4719,146.0
4720,138.0
4721,207.0
4722,211.0
4723,121.0
4724,195.0
4725,106.0
4726,146.0
4727,195.0
4728,119.0
4729,210.0
4730,193.0
4731,186.0
4732,81.0
4733,173.0
4734,189.0
4735,197.0
4736,127.0
4737,141.0
4738,152.0
4739,160.0
4740,170.0
4741,134.0
4742,149.0
4743,140.0
4744,151.0
4745,135.0
4746,128.0
4747,124.0
4748,108.0
4749,163.0
4750,142.0
4751,152.0
4752,164.0
4753,143.0
4754,180.0
4755,147.0
4756,184.0
4757,124.0
4758,104.0
4759,124.0
4760,150.0
4761,168.0
4762,175.0
4763,184.0
4764,169.0
4765,151.0
4766,168.0
4767,159.0
4768,125.0
4769,151.0
4770,211.0
4771,174.0
4772,136.0
4773,118.0
4774,165.0
4775,225.0
4776,156.0
4777,188.0
4778,104.0
4779,215.0
4780,200.0
4781,127.0
4782,148.0
4783,170.0
4784,172.0
4785,244.0
4786,169.0
4787,135.0
4788,220.0
4789,170.0
4790,110.0
4791,120.0
4792,137.0
4793,104.0
4794,131.0
4795,154.0
4796,164.0
4797,182.0
4798,129.0
4799,126.0
4800,177.0
4801,214.0
4802,142.0
4803,109.0
4804,152.0
4805,103.0
4806,135.0
4807,162.0
4808,185.0
4809,116.0
4810,162.0
4811,160.0
4812,129.0
4813,132.0
4814,144.0
4815,186.0
4816,137.0
4817,163.0
4818,120.0
4819,116.0
4820,176.0
4821,135.0
4822,162.0
4823,227.0
4824,209.0
4825,174.0
4826,153.0
4827,111.0
4828,124.0
4829,150.0
4830,148.0
4831,139.0
4832,186.0
4833,118.0
4834,232.0
4835,140.0
4836,155.0
4837,167.0
4838,131.0
4839,191.0
4840,181.0
4841,201.0
4842,112.0
4843,167.0
4844,152.0
4845,123.0
4846,146.0
4847,123.0
4848,179.0
4849,109.0
4850,129.0
4851,160.0
4852,188.0
4853,177.0
4854,165.0
4855,137.0
4856,114.0
4857,137.0
4858,181.0
4859,117.0
4860,117.0
4861,138.0
4862,228.0
4863,174.0
4864,148.0
4865,173.0
4866,123.0
4867,175.0
4868,206.0
4869,195.0
4870,155.0
4871,163.0
4872,148.0
4873,212.0
4874,111.0
4875,107.0
4876,105.0
4877,160.0
4878,111.0
4879,54.0
4880,127.0
4881,220.0
4882,137.0
4883,214.0
4884,81.0
4885,141.0
4886,184.0
4887,186.0
4888,163.0
4889,151.0
4890,128.0
4891,141.0
4892,154.0
4893,170.0
4894,151.0
4895,162.0
4896,154.0
4897,151.0
4898,164.0
4899,166.0
4900,148.0
4901,123.0
4902,126.0
4903,174.0
4904,130.0
4905,161.0
4906,115.0
4907,143.0
4908,183.0
4909,153.0
4910,137.0
4911,169.0
4912,121.0
4913,174.0
4914,230.0
4915,163.0
4916,180.0
4917,121.0
4918,145.0
4919,152.0
4920,242.0
4921,167.0
4922,83.0
4923,132.0
4924,153.0
4925,129.0
4926,171.0
4927,132.0
4928,172.0
4929,129.0
4930,135.0
4931,148.0
4932,138.0
4933,121.0
4934,214.0
4935,168.0
4936,208.0
4937,183.0
4938,183.0
4939,175.0
4940,140.0
4941,201.0
4942,76.0
4943,178.0
4944,162.0
4945,211.0
4946,129.0
4947,142.0
4948,203.0
4949,159.0
4950,121.0
4951,171.0
4952,184.0
4953,173.0
4954,217.0
4955,162.0
4956,153.0
4957,139.0
4958,143.0
4959,144.0
4960,120.0
4961,153.0
4962,143.0
4963,159.0
4964,219.0
4965,104.0
4966,199.0
4967,104.0
4968,104.0
4969,202.0
4970,171.0
4971,116.0
4972,132.0
4973,145.0
4974,65.0
4975,141.0
4976,114.0
4977,191.0
4978,113.0
4979,107.0
4980,208.0
4981,131.0
4982,176.0
4983,197.0
4984,112.0
4985,174.0
4986,202.0
4987,136.0
4988,126.0
4989,126.0
4990,129.0
4991,126.0
4992,83.0
4993,146.0
4994,179.0
4995,165.0
4996,213.0
4997,126.0
4998,165.0
4999,166.0
